                  epoch,         train/box_loss,         train/cls_loss,         train/dfl_loss,   metrics/precision(B),      metrics/recall(B),       metrics/mAP50(B),    metrics/mAP50-95(B),           val/box_loss,           val/cls_loss,           val/dfl_loss,                 lr/pg0,                 lr/pg1,                 lr/pg2
                      1,                 4.4859,                 6.5006,                 4.1993,                  8e-05,                 0.0303,                  6e-05,                  2e-05,                 4.4573,                 5.3567,                 4.1585,             0.00011432,             0.00011432,             0.00011432
                      2,                 4.3054,                 6.1779,                 4.2056,                  9e-05,                 0.0303,                  5e-05,                  2e-05,                 4.4572,                 5.3614,                 4.1539,             0.00024173,             0.00024173,             0.00024173
                      3,                 4.5263,                 6.1519,                 4.1521,                  9e-05,                 0.0303,                  5e-05,                  2e-05,                 4.4513,                 5.3626,                 4.1462,             0.00036786,             0.00036786,             0.00036786
                      4,                 4.2047,                 5.7547,                 4.0458,                  9e-05,                 0.0303,                  5e-05,                  2e-05,                 4.4392,                 5.2663,                  4.135,             0.00049272,             0.00049272,             0.00049272
                      5,                 3.8085,                 5.4494,                 3.9158,                  9e-05,                 0.0303,                  5e-05,                  2e-05,                 4.4372,                 5.2435,                 4.1321,             0.00061631,             0.00061631,             0.00061631
                      6,                 3.5867,                 5.1627,                 3.7402,                  9e-05,                 0.0303,                  6e-05,                  3e-05,                 4.3788,                 5.2811,                 4.1143,             0.00073863,             0.00073863,             0.00073863
                      7,                 3.4325,                 4.9848,                  3.596,                  9e-05,                 0.0303,                  5e-05,                  3e-05,                 4.3834,                 5.2673,                 4.1241,             0.00085967,             0.00085967,             0.00085967
                      8,                 3.3454,                 4.7591,                 3.4644,                  8e-05,                 0.0303,                  4e-05,                  3e-05,                 4.3898,                 5.1841,                  4.118,             0.00097943,             0.00097943,             0.00097943
                      9,                 3.2179,                 4.6029,                 3.3774,                  8e-05,                 0.0303,                  5e-05,                  4e-05,                 4.3516,                 4.6145,                 4.0909,              0.0010979,              0.0010979,              0.0010979
                     10,                  3.128,                 4.3018,                 3.2181,                  8e-05,                 0.0303,                  5e-05,                  4e-05,                 3.9944,                 4.7367,                 3.7415,              0.0012152,              0.0012152,              0.0012152
                     11,                  2.947,                 4.1289,                 3.1076,                  5e-05,                 0.0303,                  4e-05,                  1e-05,                 4.2866,                 4.7595,                  4.004,              0.0013311,              0.0013311,              0.0013311
                     12,                 2.9237,                 4.1749,                 3.0926,                0.66787,                0.05128,                0.00041,                0.00012,                 3.8201,                 49.054,                 3.5924,              0.0013512,              0.0013512,              0.0013512
                     13,                 2.8236,                 3.9814,                 3.0176,                0.00072,                0.20897,                0.00065,                0.00015,                 3.4909,                 76.828,                 3.4144,              0.0013512,              0.0013512,              0.0013512
                     14,                 2.7721,                 3.8765,                 3.0246,                0.66774,                0.02564,                0.00083,                0.00032,                 3.4757,                 42.053,                 3.5632,              0.0013441,              0.0013441,              0.0013441
                     15,                 2.8012,                 3.6676,                 2.9454,                0.71709,                0.03846,                0.02625,                0.00952,                 3.3834,                 21.358,                 3.3834,               0.001337,               0.001337,               0.001337
                     16,                 2.8158,                  3.581,                 2.9351,                0.35741,                0.12821,                0.01873,                0.00766,                 3.0883,                 6.4419,                 3.4746,                0.00133,                0.00133,                0.00133
                     17,                  2.656,                 3.4761,                  2.844,                0.68376,                0.05128,                 0.0101,                0.00373,                   2.89,                 10.375,                 3.1999,              0.0013229,              0.0013229,              0.0013229
                     18,                 2.6857,                  3.302,                 2.8153,                0.69472,                0.05128,                0.02268,                 0.0108,                 2.9098,                 12.058,                 3.1873,              0.0013158,              0.0013158,              0.0013158
                     19,                 2.6988,                 3.3588,                 2.8139,                0.43744,                0.17051,                 0.0755,                0.02948,                 2.7581,                  4.598,                 2.9313,              0.0013087,              0.0013087,              0.0013087
                     20,                 2.6272,                 3.1715,                 2.7767,                0.77078,                0.20513,                0.12182,                0.03869,                 2.8924,                 4.6258,                 3.0953,              0.0013017,              0.0013017,              0.0013017
                     21,                 2.5412,                 3.0372,                 2.7962,                 0.7023,                0.15769,                0.17182,                0.06096,                 2.5825,                  4.448,                 2.8172,              0.0012946,              0.0012946,              0.0012946
                     22,                 2.5905,                 2.9336,                  2.738,                0.74446,                0.17569,                0.13001,                0.05055,                 2.4726,                  4.419,                 2.7468,              0.0012875,              0.0012875,              0.0012875
                     23,                 2.5495,                 2.8974,                 2.7268,                0.54575,                0.22729,                 0.1617,                0.05461,                 2.6352,                 4.4855,                 2.9344,              0.0012805,              0.0012805,              0.0012805
                     24,                 2.5473,                 2.8253,                 2.6459,                0.54697,                0.20641,                0.18175,                  0.071,                 2.7051,                 2.9045,                 2.8906,              0.0012734,              0.0012734,              0.0012734
                     25,                 2.5137,                 2.8491,                 2.7343,                0.56792,                0.27308,                0.25601,                0.10125,                 2.4762,                 2.6802,                 2.6099,              0.0012663,              0.0012663,              0.0012663
                     26,                  2.462,                 2.6348,                 2.6264,                0.57818,                0.22692,                0.23249,                0.09208,                  2.524,                 2.5007,                 2.6231,              0.0012592,              0.0012592,              0.0012592
                     27,                 2.3949,                 2.6244,                  2.621,                0.67539,                 0.2859,                0.27463,                0.12912,                 2.2494,                 2.8004,                 2.4206,              0.0012522,              0.0012522,              0.0012522
                     28,                 2.3313,                 2.6351,                 2.5391,                0.60447,                0.36282,                0.30486,                0.14224,                 2.2445,                 3.3869,                  2.518,              0.0012451,              0.0012451,              0.0012451
                     29,                 2.3106,                 2.4114,                 2.5177,                0.65043,                0.38333,                0.30721,                0.12909,                 2.3074,                  2.381,                 2.5395,               0.001238,               0.001238,               0.001238
                     30,                 2.2822,                 2.4775,                 2.4638,                0.63243,                0.39231,                0.37326,                0.17207,                 2.1839,                 2.4628,                 2.4655,              0.0012309,              0.0012309,              0.0012309
                     31,                 2.2364,                 2.3133,                 2.4504,                0.73761,                0.29721,                 0.3289,                0.15507,                 2.2682,                 2.6437,                 2.4041,              0.0012239,              0.0012239,              0.0012239
                     32,                 2.2751,                 2.3272,                 2.5047,                0.74101,                0.41012,                0.41597,                0.20141,                 2.1632,                 2.2119,                 2.4578,              0.0012168,              0.0012168,              0.0012168
                     33,                 2.2323,                 2.2759,                 2.4525,                 0.6139,                0.38959,                0.32082,                0.16274,                 2.1834,                 2.0914,                  2.358,              0.0012097,              0.0012097,              0.0012097
                     34,                 2.1739,                 2.2134,                 2.4343,                0.67572,                0.37206,                0.37218,                 0.1907,                 2.0993,                 2.0429,                 2.3404,              0.0012026,              0.0012026,              0.0012026
                     35,                 2.0728,                 2.1509,                 2.3466,                0.69273,                0.42375,                0.45391,                 0.2259,                 2.0514,                 2.1225,                 2.2797,              0.0011956,              0.0011956,              0.0011956
                     36,                 2.0876,                 2.0989,                 2.3078,                 0.6884,                0.37211,                0.38497,                0.16832,                 2.1824,                 2.2496,                 2.3129,              0.0011885,              0.0011885,              0.0011885
                     37,                 2.0725,                 2.0039,                 2.3931,                0.70791,                0.46489,                0.47364,                0.25251,                 2.0506,                 1.9633,                 2.2848,              0.0011814,              0.0011814,              0.0011814
                     38,                 2.0535,                  1.988,                 2.2871,                0.65175,                0.37018,                 0.3658,                0.16334,                 2.1154,                 2.3291,                 2.3179,              0.0011744,              0.0011744,              0.0011744
                     39,                 2.0286,                 2.0687,                 2.2943,                0.66577,                0.43077,                0.38909,                 0.1887,                 2.1498,                 2.2557,                 2.2564,              0.0011673,              0.0011673,              0.0011673
                     40,                 2.0351,                 2.0233,                 2.2824,                0.76011,                0.46795,                0.42458,                0.23319,                 2.1196,                  2.242,                 2.1987,              0.0011602,              0.0011602,              0.0011602
                     41,                 2.0079,                 1.9706,                 2.2573,                0.86395,                0.53966,                0.55926,                0.30325,                 1.9202,                  1.779,                 2.1555,              0.0011531,              0.0011531,              0.0011531
                     42,                 1.9883,                  1.878,                 2.2347,                0.68533,                0.39103,                0.38271,                0.19699,                 2.1009,                 2.1339,                 2.2691,              0.0011461,              0.0011461,              0.0011461
                     43,                 1.9961,                 1.9567,                 2.2771,                0.75047,                0.52179,                0.52771,                0.24828,                 1.9782,                 1.7216,                 2.1701,               0.001139,               0.001139,               0.001139
                     44,                 2.0173,                 1.9275,                 2.2327,                0.71172,                0.47564,                0.49097,                0.26139,                 1.9157,                 1.8754,                  2.205,              0.0011319,              0.0011319,              0.0011319
                     45,                 1.8964,                 1.8645,                 2.1888,                0.80602,                0.39359,                0.48068,                0.28781,                 1.8978,                 1.8941,                   2.18,              0.0011248,              0.0011248,              0.0011248
                     46,                 1.9384,                 1.7408,                  2.177,                0.81801,                0.54457,                0.55575,                0.33301,                  1.848,                  1.643,                 2.0738,              0.0011178,              0.0011178,              0.0011178
                     47,                  1.892,                 1.8066,                 2.2188,                0.81047,                0.45385,                0.54463,                0.33043,                  1.793,                 1.7494,                 2.0279,              0.0011107,              0.0011107,              0.0011107
                     48,                 1.8493,                 1.7782,                 2.1547,                0.80942,                0.45513,                0.52964,                 0.2742,                 1.9285,                 1.9334,                 2.1407,              0.0011036,              0.0011036,              0.0011036
                     49,                 1.8249,                 1.7329,                   2.09,                0.85498,                0.46654,                0.56367,                0.30747,                 2.0199,                 1.8329,                 2.1694,              0.0010965,              0.0010965,              0.0010965
                     50,                 1.8212,                 1.7274,                 2.1499,                0.84891,                0.44885,                0.51154,                 0.2804,                 1.9016,                 1.8412,                 2.1017,              0.0010895,              0.0010895,              0.0010895
                     51,                  1.824,                 1.6849,                 2.1276,                0.94643,                0.48933,                0.59936,                0.33092,                 1.7927,                 1.8567,                 2.0579,              0.0010824,              0.0010824,              0.0010824
                     52,                 1.8068,                 1.6645,                 2.1258,                0.82186,                0.48462,                0.56055,                 0.3274,                 1.7488,                 1.6456,                  2.024,              0.0010753,              0.0010753,              0.0010753
                     53,                 1.7744,                 1.6405,                 2.1219,                0.75169,                0.45283,                0.50288,                0.27345,                 1.9511,                  1.845,                  2.183,              0.0010682,              0.0010682,              0.0010682
                     54,                 1.8418,                 1.7155,                 2.0979,                0.84872,                0.47162,                0.58644,                0.32929,                 1.8304,                  1.806,                 2.0862,              0.0010612,              0.0010612,              0.0010612
                     55,                  1.751,                 1.6597,                  2.091,                0.83254,                0.48265,                 0.5681,                0.31315,                 1.9492,                 1.8637,                 2.1242,              0.0010541,              0.0010541,              0.0010541
                     56,                 1.7285,                 1.5796,                 2.0236,                0.83388,                0.54097,                 0.6409,                0.38897,                 1.6678,                 1.5747,                 2.0042,               0.001047,               0.001047,               0.001047
                     57,                 1.6908,                 1.5117,                 1.9798,                0.95427,                  0.543,                0.65791,                0.40963,                  1.642,                 1.4797,                 1.9532,                0.00104,                0.00104,                0.00104
                     58,                 1.7041,                 1.4367,                 1.9909,                0.87155,                0.48898,                0.62131,                0.39297,                 1.6316,                 1.6183,                 1.9493,              0.0010329,              0.0010329,              0.0010329
                     59,                  1.659,                 1.5022,                 1.9858,                0.76476,                0.59487,                0.63003,                0.39132,                 1.6896,                 1.6435,                 1.9715,              0.0010258,              0.0010258,              0.0010258
                     60,                 1.6407,                 1.4743,                 1.9825,                 0.9226,                0.56538,                0.65261,                0.41813,                 1.6263,                 1.4559,                 1.9012,              0.0010187,              0.0010187,              0.0010187
                     61,                 1.6196,                 1.4557,                 1.9537,                0.91569,                0.55206,                 0.6171,                0.41832,                 1.5575,                 1.4362,                 1.8866,              0.0010117,              0.0010117,              0.0010117
                     62,                 1.6356,                 1.4449,                 1.9567,                0.99231,                0.53413,                0.62148,                0.40871,                  1.605,                 1.4786,                  1.856,              0.0010046,              0.0010046,              0.0010046
                     63,                 1.5835,                 1.4798,                 1.9463,                0.94831,                0.56154,                0.64481,                0.38942,                 1.5599,                 1.5037,                 1.8335,             0.00099751,             0.00099751,             0.00099751
                     64,                 1.6563,                 1.4443,                 1.9191,                0.93042,                 0.5359,                0.63823,                 0.3859,                 1.8121,                 1.5118,                 2.0219,             0.00099044,             0.00099044,             0.00099044
                     65,                 1.5373,                 1.3313,                 1.9099,                0.91496,                0.51154,                0.64576,                0.39826,                 1.6556,                 1.4488,                 1.9578,             0.00098337,             0.00098337,             0.00098337
                     66,                 1.6157,                 1.4202,                 1.9297,                0.87195,                0.51182,                0.57375,                0.33543,                 1.6798,                 1.7815,                 2.0191,             0.00097629,             0.00097629,             0.00097629
                     67,                 1.5454,                 1.3285,                 1.9165,                0.97443,                0.55708,                0.66808,                0.44208,                 1.5353,                 1.3746,                 1.8751,             0.00096922,             0.00096922,             0.00096922
                     68,                 1.5652,                 1.3394,                 1.9117,                0.93457,                0.50497,                0.60443,                 0.3771,                 1.6124,                  1.629,                 1.9291,             0.00096215,             0.00096215,             0.00096215
                     69,                 1.5984,                 1.3545,                 1.9151,                0.87266,                0.61542,                0.68966,                0.37257,                 1.7068,                 1.4211,                 1.9454,             0.00095507,             0.00095507,             0.00095507
                     70,                 1.6212,                  1.345,                 1.9028,                0.92162,                0.55796,                0.69766,                0.43816,                 1.5653,                 1.3048,                 1.9062,               0.000948,               0.000948,               0.000948
                     71,                 1.5487,                 1.2918,                 1.8782,                   0.94,                0.60819,                0.71231,                0.47225,                 1.4721,                 1.2232,                 1.7632,             0.00094093,             0.00094093,             0.00094093
                     72,                 1.5443,                 1.3142,                  1.938,                0.91273,                0.56735,                0.63273,                0.42843,                 1.4785,                  1.339,                 1.7736,             0.00093385,             0.00093385,             0.00093385
                     73,                 1.5105,                 1.2625,                 1.8623,                0.88619,                0.57254,                0.61427,                0.39218,                 1.5713,                 1.4528,                 1.8676,             0.00092678,             0.00092678,             0.00092678
                     74,                 1.4924,                 1.2315,                 1.8291,                 0.9235,                 0.5261,                0.60162,                0.39828,                 1.6088,                 1.4184,                 1.8753,              0.0009197,              0.0009197,              0.0009197
                     75,                 1.4472,                  1.236,                 1.8194,                 0.9371,                0.59342,                0.69652,                0.48408,                 1.4445,                 1.1902,                   1.73,             0.00091263,             0.00091263,             0.00091263
                     76,                 1.4423,                 1.2445,                 1.7938,                0.92144,                0.62084,                0.66693,                0.44988,                 1.4876,                 1.2353,                 1.7509,             0.00090556,             0.00090556,             0.00090556
                     77,                 1.3915,                 1.1571,                 1.7751,                      1,                0.56323,                0.65699,                0.44788,                 1.5332,                 1.2394,                  1.793,             0.00089848,             0.00089848,             0.00089848
                     78,                 1.4755,                 1.2134,                 1.7832,                0.67791,                0.71527,                0.72476,                0.46106,                 1.4309,                  1.227,                 1.7917,             0.00089141,             0.00089141,             0.00089141
                     79,                 1.4323,                 1.1565,                 1.8043,                0.61535,                0.66748,                 0.7079,                0.45221,                 1.4901,                 1.2033,                 1.7602,             0.00088434,             0.00088434,             0.00088434
                     80,                  1.482,                 1.2103,                 1.8255,                0.97131,                0.55328,                0.62055,                 0.4077,                 1.4719,                 1.3226,                 1.8196,             0.00087726,             0.00087726,             0.00087726
                     81,                 1.4676,                 1.1786,                 1.7902,                0.99603,                 0.5573,                0.71693,                 0.4598,                 1.4259,                 1.3508,                 1.7596,             0.00087019,             0.00087019,             0.00087019
                     82,                 1.4459,                 1.1383,                 1.7908,                0.96771,                 0.6075,                0.65376,                0.41197,                 1.5478,                 1.2765,                 1.8718,             0.00086312,             0.00086312,             0.00086312
                     83,                 1.4562,                  1.198,                 1.7678,                0.60029,                0.62984,                0.63853,                0.40238,                 1.6151,                 1.4703,                 1.9051,             0.00085604,             0.00085604,             0.00085604
                     84,                 1.4868,                 1.1972,                 1.8417,                0.94851,                0.55641,                0.68727,                0.40031,                 1.6549,                 1.3423,                 1.9059,             0.00084897,             0.00084897,             0.00084897
                     85,                 1.4574,                 1.1663,                 1.7951,                0.99551,                0.57768,                0.70935,                0.46105,                 1.4091,                 1.1162,                 1.7501,              0.0008419,              0.0008419,              0.0008419
                     86,                 1.4341,                 1.1471,                 1.7847,                0.98339,                0.59103,                0.68087,                0.44677,                 1.4824,                 1.3263,                 1.8282,             0.00083482,             0.00083482,             0.00083482
                     87,                 1.3644,                 1.1629,                 1.7408,                0.84454,                0.68774,                0.74669,                0.47648,                 1.4223,                 1.2376,                 1.7475,             0.00082775,             0.00082775,             0.00082775
                     88,                 1.3793,                 1.1144,                  1.716,                0.73299,                0.65082,                0.68648,                0.46746,                 1.4049,                 1.2622,                 1.7958,             0.00082067,             0.00082067,             0.00082067
                     89,                  1.387,                 1.1313,                 1.6995,                0.67163,                0.62902,                0.69707,                0.47156,                 1.3761,                 1.1646,                 1.6876,              0.0008136,              0.0008136,              0.0008136
                     90,                 1.3839,                 1.1084,                 1.7256,                 0.9447,                0.62673,                0.68964,                 0.4548,                 1.4557,                 1.1248,                 1.7114,             0.00080653,             0.00080653,             0.00080653
                     91,                  1.388,                 1.0793,                 1.7024,                0.61583,                0.63134,                0.66041,                 0.4669,                  1.372,                 1.1866,                 1.6933,             0.00079945,             0.00079945,             0.00079945
                     92,                 1.3596,                 1.0802,                  1.712,                 0.6926,                0.65105,                0.70759,                0.47813,                 1.4146,                 1.0825,                 1.7253,             0.00079238,             0.00079238,             0.00079238
                     93,                 1.3151,                 1.0341,                 1.6391,                0.78351,                0.68112,                0.71258,                0.47607,                  1.495,                 1.0774,                  1.737,             0.00078531,             0.00078531,             0.00078531
                     94,                 1.3085,                 1.0476,                 1.6879,                0.98117,                0.59784,                0.69244,                0.46048,                 1.3763,                 1.1194,                 1.6707,             0.00077823,             0.00077823,             0.00077823
                     95,                 1.2864,                 1.0331,                 1.6306,                0.99905,                0.58925,                0.65357,                0.45754,                 1.4338,                 1.1381,                  1.683,             0.00077116,             0.00077116,             0.00077116
                     96,                 1.3216,                 1.0648,                 1.6564,                0.96705,                0.62436,                 0.6548,                0.47441,                 1.4109,                 1.1033,                 1.7021,             0.00076409,             0.00076409,             0.00076409
                     97,                 1.3475,                 1.0289,                 1.6865,                0.95335,                0.57436,                  0.657,                0.44269,                 1.4278,                 1.0808,                 1.6959,             0.00075701,             0.00075701,             0.00075701
                     98,                 1.3362,                 1.0398,                 1.6762,                 0.9889,                0.55769,                0.64726,                0.45222,                 1.4409,                  1.198,                 1.6989,             0.00074994,             0.00074994,             0.00074994
                     99,                 1.3228,                 1.0105,                 1.6229,                0.58006,                0.63333,                 0.6688,                0.46687,                 1.4088,                 1.0941,                 1.6814,             0.00074287,             0.00074287,             0.00074287
                    100,                 1.2774,                 1.0283,                  1.646,                0.96934,                0.60277,                 0.7089,                0.43415,                  1.492,                 1.0949,                  1.697,             0.00073579,             0.00073579,             0.00073579
                    101,                 1.3244,                 1.0063,                 1.6246,                0.75133,                0.68497,                0.71781,                0.48472,                 1.3019,                 1.0035,                 1.6622,             0.00072872,             0.00072872,             0.00072872
                    102,                  1.315,                  1.012,                 1.6426,                0.99714,                0.60769,                0.67217,                0.44456,                 1.4307,                 1.1448,                 1.7246,             0.00072164,             0.00072164,             0.00072164
                    103,                   1.31,                0.95431,                 1.6346,                0.75271,                0.69134,                0.71307,                 0.4664,                 1.4292,                 1.0346,                 1.6817,             0.00071457,             0.00071457,             0.00071457
                    104,                 1.2887,                0.96433,                 1.6355,                0.71199,                0.63736,                 0.7322,                0.48406,                  1.378,                 1.0425,                 1.6569,              0.0007075,              0.0007075,              0.0007075
                    105,                 1.2408,                0.95546,                 1.5903,                0.75311,                0.71336,                0.74287,                0.49611,                 1.3227,                0.98393,                  1.618,             0.00070042,             0.00070042,             0.00070042
                    106,                 1.2392,                0.95234,                 1.5999,                0.65472,                0.67792,                0.70596,                0.46367,                  1.503,                 1.1506,                 1.7025,             0.00069335,             0.00069335,             0.00069335
                    107,                 1.2608,                0.94706,                 1.5969,                0.67255,                0.68112,                0.70111,                0.48156,                  1.394,                 1.0334,                 1.6551,             0.00068628,             0.00068628,             0.00068628
                    108,                 1.2433,                0.91739,                 1.5715,                 0.6323,                0.68112,                0.69343,                0.48223,                 1.3588,                 1.0319,                 1.6191,              0.0006792,              0.0006792,              0.0006792
                    109,                 1.2163,                0.93292,                 1.5733,                0.67697,                0.66155,                0.70109,                0.46664,                 1.3927,                 1.0296,                 1.6428,             0.00067213,             0.00067213,             0.00067213
                    110,                  1.193,                0.93079,                 1.5517,                0.62801,                0.69716,                0.69411,                0.48425,                 1.3407,                0.99287,                 1.6185,             0.00066506,             0.00066506,             0.00066506
                    111,                 1.2807,                0.95674,                 1.5684,                0.72183,                0.71527,                0.72825,                0.47039,                 1.3982,                 1.0183,                 1.6423,             0.00065798,             0.00065798,             0.00065798
                    112,                 1.2231,                0.89362,                 1.5918,                 0.7466,                0.74172,                0.72853,                0.49682,                 1.3116,                 1.0697,                 1.6338,             0.00065091,             0.00065091,             0.00065091
                    113,                 1.2449,                 0.8961,                 1.5471,                0.84594,                0.69476,                0.74179,                0.46456,                 1.3934,                 1.0751,                 1.6412,             0.00064384,             0.00064384,             0.00064384
                    114,                 1.2186,                0.89263,                 1.5868,                  0.909,                 0.6803,                0.73298,                0.48842,                 1.3014,                 1.0324,                 1.6359,             0.00063676,             0.00063676,             0.00063676
                    115,                 1.1956,                0.87994,                 1.5432,                0.85865,                0.66664,                0.72065,                0.48615,                  1.406,                 1.0481,                 1.6441,             0.00062969,             0.00062969,             0.00062969
                    116,                 1.1965,                  0.906,                 1.5551,                0.84497,                 0.6986,                0.73887,                0.49189,                 1.3077,                0.99512,                 1.5993,             0.00062262,             0.00062262,             0.00062262
                    117,                 1.1813,                0.88163,                 1.5633,                0.82915,                0.71732,                0.75407,                0.47578,                 1.3844,                 1.0007,                 1.6511,             0.00061554,             0.00061554,             0.00061554
                    118,                 1.1671,                0.89258,                 1.5425,                0.84248,                 0.6932,                0.71436,                0.48082,                 1.3731,                 1.0062,                 1.6441,             0.00060847,             0.00060847,             0.00060847
                    119,                 1.1892,                0.88708,                 1.5354,                0.86347,                0.65976,                 0.7386,                0.48894,                 1.3792,                 1.0017,                 1.6106,             0.00060139,             0.00060139,             0.00060139
                    120,                  1.146,                0.86247,                 1.5228,                0.83384,                0.68497,                0.72942,                0.50552,                 1.3597,                0.97064,                 1.6503,             0.00059432,             0.00059432,             0.00059432
                    121,                 1.1633,                0.84541,                 1.5229,                0.84785,                0.71142,                0.74182,                0.50826,                 1.3481,                0.99008,                 1.6463,             0.00058725,             0.00058725,             0.00058725
                    122,                  1.121,                0.88222,                 1.4977,                 0.8736,                0.72333,                0.74196,                0.50432,                 1.3199,                 1.0126,                 1.6457,             0.00058017,             0.00058017,             0.00058017
                    123,                 1.1535,                0.86467,                 1.5369,                0.81812,                0.68112,                0.73632,                 0.4943,                 1.3185,                 1.0398,                  1.605,              0.0005731,              0.0005731,              0.0005731
                    124,                 1.1373,                0.83375,                 1.4807,                0.85114,                0.72616,                0.76385,                0.50023,                  1.373,                0.92746,                  1.642,             0.00056603,             0.00056603,             0.00056603
                    125,                  1.108,                0.81029,                 1.4873,                0.86451,                0.74172,                0.76576,                0.51537,                 1.3011,                0.90911,                 1.5901,             0.00055895,             0.00055895,             0.00055895
                    126,                 1.1389,                 0.8196,                  1.484,                0.82765,                0.78869,                0.76918,                0.49197,                  1.352,                0.92887,                 1.6214,             0.00055188,             0.00055188,             0.00055188
                    127,                 1.1417,                0.80447,                 1.4952,                0.70302,                0.71142,                0.72372,                0.49189,                 1.3029,                0.95629,                 1.5652,             0.00054481,             0.00054481,             0.00054481
                    128,                 1.1181,                 0.8142,                 1.4887,                0.77827,                0.71507,                0.75649,                0.51245,                 1.2711,                0.94963,                 1.5898,             0.00053773,             0.00053773,             0.00053773
                    129,                 1.1171,                0.82762,                 1.4783,                0.81947,                0.69589,                0.74281,                0.49572,                 1.3246,                0.93538,                 1.6093,             0.00053066,             0.00053066,             0.00053066
                    130,                 1.0982,                0.81172,                 1.4748,                0.82191,                 0.6829,                 0.7275,                 0.4972,                 1.2168,                 0.9356,                 1.5255,             0.00052359,             0.00052359,             0.00052359
                    131,                 1.1759,                0.82338,                 1.5202,                0.75213,                0.68193,                0.73116,                0.51278,                 1.2702,                0.96563,                 1.5793,             0.00051651,             0.00051651,             0.00051651
                    132,                 1.0801,                0.80638,                  1.442,                0.94123,                0.74341,                0.77322,                0.53166,                 1.2825,                 0.9132,                 1.5442,             0.00050944,             0.00050944,             0.00050944
                    133,                 1.0947,                0.80127,                 1.4632,                0.83508,                0.77587,                0.78551,                 0.5165,                 1.2839,                0.90571,                 1.5702,             0.00050236,             0.00050236,             0.00050236
                    134,                 1.0909,                0.79867,                 1.4601,                0.65786,                 0.7289,                0.70599,                0.50919,                 1.2538,                 0.9091,                 1.5532,             0.00049529,             0.00049529,             0.00049529
                    135,                 1.0968,                0.80388,                 1.4626,                0.80402,                 0.6986,                0.72795,                0.51091,                 1.2859,                0.95226,                 1.5843,             0.00048822,             0.00048822,             0.00048822
                    136,                 1.0905,                0.78794,                 1.4311,                0.80874,                 0.7403,                0.73976,                0.51765,                 1.2637,                0.92285,                 1.5387,             0.00048114,             0.00048114,             0.00048114
                    137,                 1.0358,                 0.7777,                 1.4174,                0.77547,                0.75839,                0.74208,                0.52669,                 1.2214,                0.91753,                 1.5478,             0.00047407,             0.00047407,             0.00047407
                    138,                 1.0423,                0.75201,                 1.4161,                0.74224,                0.73963,                0.73815,                0.52006,                 1.2637,                0.94658,                 1.5491,               0.000467,               0.000467,               0.000467
                    139,                   1.06,                0.77552,                 1.4111,                 0.8039,                0.74016,                0.76079,                 0.5206,                 1.2317,                0.92438,                 1.5406,             0.00045992,             0.00045992,             0.00045992
                    140,                 1.0514,                0.75661,                 1.3989,                0.75545,                0.75455,                0.74034,                0.50318,                 1.2449,                0.95271,                 1.5756,             0.00045285,             0.00045285,             0.00045285
                    141,                 1.0922,                0.74651,                 1.4501,                0.95297,                0.66657,                0.72987,                0.50155,                 1.2932,                0.94909,                 1.5777,             0.00044578,             0.00044578,             0.00044578
                    142,                 1.0447,                0.74105,                 1.4361,                0.96603,                 0.6683,                0.73595,                0.53188,                 1.2314,                0.89434,                 1.5589,              0.0004387,              0.0004387,              0.0004387
                    143,                 1.0734,                0.75323,                 1.4645,                0.86214,                0.69355,                0.74885,                0.53299,                 1.2336,                0.88107,                 1.5259,             0.00043163,             0.00043163,             0.00043163
                    144,                 1.0668,                0.73647,                 1.4146,                0.88535,                0.73526,                0.76723,                0.51255,                 1.3255,                0.89692,                 1.5902,             0.00042456,             0.00042456,             0.00042456
                    145,                 1.0659,                0.76115,                 1.4369,                0.85475,                0.68766,                0.72194,                 0.5037,                  1.251,                0.88782,                 1.5475,             0.00041748,             0.00041748,             0.00041748
                    146,                 1.0487,                0.74616,                 1.4041,                0.85861,                0.66547,                0.73164,                0.48943,                 1.3042,                0.93975,                 1.5574,             0.00041041,             0.00041041,             0.00041041
                    147,                 1.0298,                0.70938,                 1.3909,                0.74304,                0.67714,                0.72113,                0.51333,                 1.2515,                0.95035,                 1.5531,             0.00040334,             0.00040334,             0.00040334
                    148,                 1.0023,                0.73743,                 1.3798,                0.82938,                0.76432,                0.75932,                0.50175,                 1.3387,                0.91192,                 1.6089,             0.00039626,             0.00039626,             0.00039626
                    149,                  1.039,                0.72336,                 1.3872,                 0.8924,                0.71218,                0.74771,                0.51642,                 1.2906,                0.92221,                  1.589,             0.00038919,             0.00038919,             0.00038919
                    150,                 0.9935,                0.70423,                 1.3818,                0.74112,                0.75839,                0.73467,                0.51815,                 1.2498,                0.92749,                 1.5268,             0.00038211,             0.00038211,             0.00038211
                    151,                0.99458,                0.73427,                 1.3846,                0.84153,                0.69455,                0.73118,                0.49386,                 1.2754,                0.90074,                 1.5378,             0.00037504,             0.00037504,             0.00037504
                    152,                 1.0046,                 0.7203,                 1.4172,                0.68283,                0.77121,                0.72696,                0.49981,                 1.2569,                0.84407,                 1.5211,             0.00036797,             0.00036797,             0.00036797
                    153,                0.97196,                0.69014,                  1.387,                0.93992,                0.66891,                0.72833,                0.50641,                 1.2465,                0.91519,                 1.5293,             0.00036089,             0.00036089,             0.00036089
                    154,                0.99559,                 0.7149,                 1.3894,                0.81258,                0.72082,                0.73549,                0.51107,                 1.2019,                0.90915,                  1.499,             0.00035382,             0.00035382,             0.00035382
                    155,                 1.0117,                0.71579,                 1.3782,                0.84902,                0.66461,                0.71462,                0.51398,                 1.1807,                0.86232,                 1.4798,             0.00034675,             0.00034675,             0.00034675
                    156,                0.97285,                0.73007,                 1.3611,                0.90132,                0.67062,                0.73974,                0.51575,                  1.208,                0.83996,                 1.4933,             0.00033967,             0.00033967,             0.00033967
                    157,                0.97443,                 0.7207,                 1.3622,                0.96116,                0.70909,                0.75129,                0.51954,                 1.2236,                0.87412,                 1.5301,              0.0003326,              0.0003326,              0.0003326
                    158,                0.95368,                0.71021,                 1.3675,                0.97214,                0.73793,                0.78471,                0.50815,                 1.2867,                0.84292,                 1.5506,             0.00032553,             0.00032553,             0.00032553
                    159,                0.98822,                0.71303,                 1.3516,                0.70272,                0.73834,                0.76188,                0.51008,                 1.2315,                0.83592,                 1.5135,             0.00031845,             0.00031845,             0.00031845
                    160,                0.99559,                0.70482,                 1.3622,                0.75986,                0.75771,                0.77072,                0.51799,                 1.2117,                0.88978,                 1.5124,             0.00031138,             0.00031138,             0.00031138
                    161,                0.94463,                0.67708,                 1.3143,                0.74956,                0.74557,                0.75707,                0.52746,                 1.1895,                0.91032,                 1.4784,             0.00030431,             0.00030431,             0.00030431
                    162,                 1.0045,                0.71679,                  1.355,                0.83941,                0.69729,                 0.7502,                 0.5312,                 1.1889,                0.89998,                 1.4937,             0.00029723,             0.00029723,             0.00029723
                    163,                0.94791,                0.68156,                 1.3396,                0.82924,                0.65097,                0.74958,                0.51126,                 1.2454,                0.93265,                 1.5558,             0.00029016,             0.00029016,             0.00029016
                    164,                0.96001,                0.69968,                 1.3726,                0.73303,                0.80152,                0.74902,                0.52884,                 1.2202,                0.88239,                 1.5136,             0.00028308,             0.00028308,             0.00028308
                    165,                0.94024,                0.65894,                 1.3353,                0.77391,                0.77492,                 0.7898,                0.52238,                 1.2392,                0.87316,                 1.5205,             0.00027601,             0.00027601,             0.00027601
                    166,                0.98056,                0.67499,                 1.3436,                0.83181,                0.78666,                0.77768,                0.53059,                 1.1914,                 0.8347,                 1.4965,             0.00026894,             0.00026894,             0.00026894
                    167,                0.98426,                0.68138,                 1.3518,                0.91363,                0.74463,                0.77384,                0.52238,                 1.2272,                0.84356,                 1.5088,             0.00026186,             0.00026186,             0.00026186
                    168,                0.97291,                0.68341,                 1.3534,                0.72597,                0.74255,                0.71762,                0.50352,                 1.3221,                0.85956,                 1.5616,             0.00025479,             0.00025479,             0.00025479
                    169,                0.99236,                0.69775,                 1.3757,                0.74138,                0.78485,                0.75198,                0.52465,                 1.2197,                0.84742,                 1.5279,             0.00024772,             0.00024772,             0.00024772
                    170,                  1.004,                0.68031,                 1.3898,                0.73002,                0.75455,                0.76257,                0.53565,                 1.2027,                0.81527,                 1.5182,             0.00024064,             0.00024064,             0.00024064
                    171,                0.93516,                0.63621,                 1.3579,                  0.784,                0.75839,                0.77086,                0.51791,                 1.2476,                0.84451,                  1.528,             0.00023357,             0.00023357,             0.00023357
                    172,                0.91063,                0.65646,                 1.3491,                0.72458,                0.78489,                0.76436,                0.54199,                 1.1599,                0.83279,                 1.4754,              0.0002265,              0.0002265,              0.0002265
                    173,                0.90118,                0.64065,                 1.2927,                 0.7628,                0.75839,                0.75997,                 0.5312,                  1.204,                0.85477,                 1.5172,             0.00021942,             0.00021942,             0.00021942
                    174,                0.93062,                0.67187,                 1.2891,                0.73985,                0.79642,                0.72325,                0.52192,                 1.2021,                0.83627,                 1.4935,             0.00021235,             0.00021235,             0.00021235
                    175,                0.91879,                0.65811,                 1.3093,                0.74566,                0.80152,                0.73448,                0.53062,                 1.1845,                0.80993,                 1.4712,             0.00020528,             0.00020528,             0.00020528
                    176,                0.93591,                0.65655,                  1.331,                0.77348,                0.78609,                0.76212,                0.52981,                 1.2277,                0.82767,                 1.5231,              0.0001982,              0.0001982,              0.0001982
                    177,                0.98258,                0.67545,                 1.3827,                0.74269,                 0.7917,                0.75499,                0.53417,                 1.2028,                0.82513,                  1.501,             0.00019113,             0.00019113,             0.00019113
                    178,                0.88554,                0.65231,                 1.3059,                0.73627,                0.78114,                0.76029,                0.53811,                 1.1829,                0.83725,                 1.4872,             0.00018406,             0.00018406,             0.00018406
                    179,                0.93914,                0.65098,                 1.3118,                0.87294,                 0.6986,                0.76878,                 0.5396,                 1.1824,                0.83691,                  1.482,             0.00017698,             0.00017698,             0.00017698
                    180,                0.87462,                0.63006,                 1.2935,                0.87561,                0.73818,                0.77129,                 0.5419,                 1.2128,                0.82973,                  1.517,             0.00016991,             0.00016991,             0.00016991
                    181,                0.90399,                0.65515,                 1.2676,                0.96314,                0.69517,                0.76818,                0.55164,                 1.2134,                0.84509,                 1.4972,             0.00016283,             0.00016283,             0.00016283
                    182,                0.87892,                0.61489,                 1.2921,                0.98058,                0.67929,                0.76825,                0.54051,                 1.2305,                0.85619,                 1.4975,             0.00015576,             0.00015576,             0.00015576
                    183,                0.91775,                0.63332,                 1.3038,                0.75081,                0.76727,                0.74987,                0.53036,                 1.2129,                0.84453,                 1.4961,             0.00014869,             0.00014869,             0.00014869
                    184,                0.87528,                0.61623,                 1.2917,                 0.8224,                0.74207,                0.76661,                0.53329,                 1.2049,                 0.8485,                 1.4822,             0.00014161,             0.00014161,             0.00014161
                    185,                0.89566,                0.61217,                 1.2576,                 0.7918,                0.77362,                0.77832,                0.52449,                 1.2185,                0.84585,                 1.4849,             0.00013454,             0.00013454,             0.00013454
                    186,                0.90056,                0.61398,                  1.318,                0.79048,                0.78809,                0.74795,                  0.525,                 1.2071,                0.81843,                 1.4745,             0.00012747,             0.00012747,             0.00012747
                    187,                0.87415,                0.61531,                 1.2955,                0.83697,                0.76612,                0.79213,                0.54108,                 1.1874,                0.82084,                 1.4678,             0.00012039,             0.00012039,             0.00012039
                    188,                0.89298,                0.60997,                 1.2998,                0.83422,                0.75825,                0.79553,                0.54461,                 1.1962,                0.83044,                 1.4882,             0.00011332,             0.00011332,             0.00011332
                    189,                0.89412,                0.62565,                 1.3004,                0.80358,                0.76836,                0.78737,                0.53909,                 1.1938,                0.82785,                 1.4984,             0.00010625,             0.00010625,             0.00010625
                    190,                0.89803,                0.66196,                 1.2916,                 0.8564,                 0.7799,                0.75596,                0.54795,                 1.1748,                0.81346,                 1.4741,             9.9173e-05,             9.9173e-05,             9.9173e-05
                    191,                0.88944,                0.61541,                 1.2672,                0.85386,                0.69942,                0.72978,                0.53765,                 1.1783,                0.81987,                 1.4715,             9.2099e-05,             9.2099e-05,             9.2099e-05
                    192,                0.86795,                0.60763,                 1.2698,                0.83855,                0.73854,                0.74869,                0.53453,                 1.1929,                0.83482,                 1.4867,             8.5026e-05,             8.5026e-05,             8.5026e-05
                    193,                0.87086,                0.62035,                 1.2792,                0.76114,                0.78964,                0.76475,                0.53486,                 1.1865,                0.82615,                   1.48,             7.7952e-05,             7.7952e-05,             7.7952e-05
                    194,                0.83671,                0.60767,                 1.2558,                0.77151,                0.78266,                0.76192,                0.53846,                 1.1605,                0.82051,                 1.4648,             7.0878e-05,             7.0878e-05,             7.0878e-05
                    195,                0.85305,                0.60145,                 1.2569,                 0.7865,                0.78869,                0.76473,                0.53556,                 1.1696,                0.82274,                 1.4636,             6.3805e-05,             6.3805e-05,             6.3805e-05
                    196,                0.86074,                0.60312,                 1.2624,                0.91713,                0.71996,                 0.7848,                0.54076,                 1.2004,                0.85314,                 1.4797,             5.6731e-05,             5.6731e-05,             5.6731e-05
                    197,                0.86838,                0.59419,                 1.2565,                 0.7545,                0.74504,                 0.7637,                0.53409,                 1.1915,                0.84496,                 1.4782,             4.9658e-05,             4.9658e-05,             4.9658e-05
                    198,                0.84874,                0.58762,                 1.2885,                0.76563,                0.74529,                0.76048,                0.54118,                 1.1574,                0.82587,                 1.4596,             4.2584e-05,             4.2584e-05,             4.2584e-05
                    199,                0.82431,                0.58631,                  1.254,                 0.7714,                0.75764,                0.76417,                0.54639,                  1.145,                0.81632,                 1.4494,             3.5511e-05,             3.5511e-05,             3.5511e-05
                    200,                0.82105,                0.61272,                 1.2386,                0.76321,                 0.7568,                0.75947,                0.54377,                 1.1456,                0.81063,                 1.4418,             2.8437e-05,             2.8437e-05,             2.8437e-05
